code,mode,effects,S,escaped_in_L1,O,detection_rate,D,RPN
M06,골을 같은 팀 다른 선수에게 기록,individual,9,0,2,13%,9,162
M10,어시스트를 같은 팀 다른 선수에게 기록,individual,9,0,2,13%,9,162
M11,어시스트 수 오타 (±1),individual,9,0,2,31%,7,126
M15,출석 오입력 6↔0 (I004 유형),attendance,2,1,5,49%,7,70
M02,홈/원정 점수 뒤바뀜,standings,9,0,2,93%,3,54
M07,골을 상대 팀 선수에게 기록,individual,9,0,2,97%,3,54
M08,골을 다른 주차에 기록 (I001 유형),individual,9,1,5,100%,1,45
M13,골 없는 선수 행 누락 (I002 유형),attendance,2,2,7,92%,3,42
M01,경기 점수 오타 (±1),standings,9,0,2,100%,1,18
M03,경기 행 누락,standings,9,0,2,100%,1,18
M05,선수 이름 오타,individual,9,0,2,100%,1,18
M09,선수 골 수 오타 (±1),individual,9,0,2,100%,1,18
M12,자책골을 일반 골로 기록,individual,9,0,2,100%,1,18
M14,골 있는 선수 행 누락,individual+attendance,9,0,2,100%,1,18
M17,선수 행 중복 입력,individual+attendance,9,0,2,100%,1,18
M18,선수 행 주차 잘못 입력,individual+attendance,9,0,2,99%,1,18
M16,선수를 다른 팀으로 기록,attendance,2,0,2,98%,3,12
M04,팀 이름 오타 (공백),attendance,2,0,2,100%,1,4
